PublisherCSV
publisher,publishers
Scholastic Inc.,Scholastic Inc.
Scholastic Inc.,Scholastic Inc.
Scholastic,Scholastic
Scholastic Inc.,Scholastic Inc.
Scholastic,Scholastic
Nimble Books,Nimble Books
Scholastic,Scholastic
Gramercy Books,Gramercy Books
Del Rey Books,Del Rey Books
Crown,Crown
Random House Audio,Random House Audio
Wings Books,Wings Books
Broadway Books,Broadway Books
Broadway Books,Broadway Books
Broadway Books,Broadway Books
Broadway Books,Broadway Books
Broadway Books,Broadway Books
William Morrow Paperbacks,William Morrow Paperbacks
William Morrow Paperbacks,William Morrow Paperbacks
William Morrow Paperbacks,William Morrow Paperbacks
William Morrow Paperbacks,William Morrow Paperbacks
Ballantine Books,Ballantine Books
Houghton Mifflin Harcourt,Houghton Mifflin Harcourt
Houghton Mifflin Harcourt,Houghton Mifflin Harcourt
Houghton Mifflin Harcourt,Houghton Mifflin Harcourt
Houghton Mifflin Harcourt,Houghton Mifflin Harcourt
Houghton Mifflin Harcourt,Houghton Mifflin Harcourt
Pragmatic Bookshelf,Pragmatic Bookshelf
Atheneum Books for Young Readers: Richard Jackson Books,Atheneum Books for Young Readers: Richard Jackson Books
Teacher Created Resources,Teacher Created Resources
Delacorte Press,Delacorte Press
Cherry Lane Music Company,Cherry Lane Music Company
The New Press,The New Press
Changeling Press,Changeling Press
Viking Juvenile,Viking Juvenile
Firebird,Firebird
iUniverse,iUniverse
Shambhala,Shambhala
Ivy Books,Ivy Books
Amistad,Amistad
HarperAudio,HarperAudio
Harper,Harper
FT Press,FT Press
Archaia,Archaia
Farrar  Straus and Giroux,Farrar  Straus and Giroux
Farrar Straus Giroux,Farrar Straus Giroux
Farrar  Straus and Giroux,Farrar  Straus and Giroux
Farrar  Straus and Giroux,Farrar  Straus and Giroux
Farrar  Straus and Giroux,Farrar  Straus and Giroux
Farrar  Straus and Giroux,Farrar  Straus and Giroux
Farrar  Straus and Giroux,Farrar  Straus and Giroux
Farrar  Straus and Giroux,Farrar  Straus and Giroux
Farrar  Straus and Giroux,Farrar  Straus and Giroux
Dramatists Play Service,Dramatists Play Service
Vintage,Vintage
Routledge,Routledge
North Light Books,North Light Books
Chosen Books,Chosen Books
Association for Supervision & Curriculum Development,Association for Supervision & Curriculum Development
Kingfisher,Kingfisher
ASCD,ASCD
Sovereign World,Sovereign World
Workman Publishing Company,Workman Publishing Company
One Hour Entertainment,One Hour Entertainment
North Light Books,North Light Books
Ace Books,Ace Books
Ace Books,Ace Books
Ace Books,Ace Books
Tor Books,Tor Books
Putnam,Putnam
Tor Science Fiction,Tor Science Fiction
Ace Books,Ace Books
Houghton Mifflin Harcourt,Houghton Mifflin Harcourt
Ballantine Books,Ballantine Books
Delacorte Books for Young Readers,Delacorte Books for Young Readers
Thomas Nelson,Thomas Nelson
Wiley,Wiley
Heinemann Drama,Heinemann Drama
William Morrow Paperbacks,William Morrow Paperbacks
Wiley,Wiley
McGraw-Hill,McGraw-Hill
Wiley,Wiley
Wiley,Wiley
Wiley,Wiley
Wiley,Wiley
O'Reilly Media,O'Reilly Media
Citadel,Citadel
Citadel,Citadel
O'Reilly Media,O'Reilly Media
Penguin Classics,Penguin Classics
Signet,Signet
Penguin Books,Penguin Books
Cliffs Notes,Cliffs Notes
Barnes & Noble Classics,Barnes & Noble Classics
Dover Publications,Dover Publications
Barnes & Noble,Barnes & Noble
Mira Books,Mira Books
Cambridge University Press,Cambridge University Press
Penguin Books,Penguin Books
Vintage,Vintage
Buccaneer Books,Buccaneer Books
Scribner,Scribner
Clarity Press,Clarity Press
Rowman & Littlefield Publishers,Rowman & Littlefield Publishers
Pearson,Pearson
Teacher Created Resources,Teacher Created Resources
Harper Perennial,Harper Perennial
EMC/Paradigm Publishing,EMC/Paradigm Publishing
Teaching Resources,Teaching Resources
Turtleback Books,Turtleback Books
Little  Brown Book Group,Little  Brown Book Group
William Morrow,William Morrow
Atria Books,Atria Books
Tor Books,Tor Books
Vintage Crime/Black Lizard,Vintage Crime/Black Lizard
Vintage Crime/Black Lizard,Vintage Crime/Black Lizard
Vintage Crime/Black Lizard,Vintage Crime/Black Lizard
Vintage,Vintage
Picador USA,Picador USA
Sterling,Sterling
Puffin,Puffin
New Directions Publishing,New Directions Publishing
Grove Press,Grove Press
Grove Press,Grove Press
Grove Press,Grove Press
Grove Press,Grove Press
Grove Press,Grove Press
New Directions,New Directions
Penguin Classics,Penguin Classics
Barnes  Noble Classics,Barnes  Noble Classics
Brookline Books,Brookline Books
The New Press,The New Press
Pantheon,Pantheon
One World (UK),One World (UK)
Interlink Publishing Group,Interlink Publishing Group
Penguin Books,Penguin Books
Knopf,Knopf
Citadel,Citadel
Knopf,Knopf
Kingfisher,Kingfisher
Sterling Children's Books,Sterling Children's Books
Simon & Schuster,Simon & Schuster
Atheneum Books for Young Readers,Atheneum Books for Young Readers
Gramercy Books,Gramercy Books
Abdo Publishing Company,Abdo Publishing Company
Black Classic Press,Black Classic Press
French & European,French & European
Random House Books for Young Readers,Random House Books for Young Readers
Zebra,Zebra
Greenwillow Books,Greenwillow Books
Booket,Booket
Del Rey,Del Rey
Ace,Ace
Ace Books,Ace Books
Del Rey,Del Rey
Tor Books,Tor Books
Pocket Books,Pocket Books
Del Rey,Del Rey
Del Rey,Del Rey
Ballantine Books,Ballantine Books
Turtleback Books,Turtleback Books
Samuel French  Inc.,Samuel French  Inc.
Princeton University Press,Princeton University Press
W. W. Norton & Company,W. W. Norton & Company
Simon & Schuster,Simon & Schuster
HMH Books for Young Readers,HMH Books for Young Readers
Scribner,Scribner
Penguin,Penguin
Penguin Books,Penguin Books
Vintage Contemporaries,Vintage Contemporaries
Scribner,Scribner
Penguin Books,Penguin Books
Vintage,Vintage
Penguin Press,Penguin Press
Harper Perennial Modern Classics,Harper Perennial Modern Classics
Harper Perennial,Harper Perennial
Penguin Books,Penguin Books
Picador USA,Picador USA
Penguin Classics,Penguin Classics
Penguin Books,Penguin Books
Back Bay Books,Back Bay Books
Penguin Classics,Penguin Classics
Knopf Publishing Group,Knopf Publishing Group
Farrar Straus Giroux,Farrar Straus Giroux
Vintage International,Vintage International
Vintage,Vintage
Farrar Straus Giroux,Farrar Straus Giroux
Vintage International,Vintage International
Everyman's Library,Everyman's Library
Farrar  Straus and Giroux,Farrar  Straus and Giroux
Penguin Classics,Penguin Classics
Penguin Books,Penguin Books
Penguin Books,Penguin Books
Sun and Moon Press,Sun and Moon Press
Sky Books (NY),Sky Books (NY)
Picador,Picador
Penguin Books,Penguin Books
Penguin Books,Penguin Books
Henry Holt & Company,Henry Holt & Company